,stemmers,lemmatize,replace_ngrams,num_grams,dic_extremes_nobelow,dic_extremes_noabove,num_topics,alpha
0,snowball,True,True,2,3,0.9,20,0.001
1,snowball,True,True,2,3,0.9,20,0.0001
2,snowball,True,True,2,3,0.9,20,0.01
3,snowball,True,True,2,3,0.9,30,0.001
4,snowball,True,True,2,3,0.9,30,0.0001
5,snowball,True,True,2,3,0.9,30,0.01
6,snowball,True,True,2,3,0.95,20,0.001
7,snowball,True,True,2,3,0.95,20,0.0001
8,snowball,True,True,2,3,0.95,20,0.01
9,snowball,True,True,2,3,0.95,30,0.001
10,snowball,True,True,2,3,0.95,30,0.0001
11,snowball,True,True,2,3,0.95,30,0.01
12,snowball,True,True,2,3,0.99,20,0.001
13,snowball,True,True,2,3,0.99,20,0.0001
14,snowball,True,True,2,3,0.99,20,0.01
15,snowball,True,True,2,3,0.99,30,0.001
16,snowball,True,True,2,3,0.99,30,0.0001
17,snowball,True,True,2,3,0.99,30,0.01
18,snowball,True,True,2,5,0.9,20,0.001
19,snowball,True,True,2,5,0.9,20,0.0001
20,snowball,True,True,2,5,0.9,20,0.01
21,snowball,True,True,2,5,0.9,30,0.001
22,snowball,True,True,2,5,0.9,30,0.0001
23,snowball,True,True,2,5,0.9,30,0.01
24,snowball,True,True,2,5,0.95,20,0.001
25,snowball,True,True,2,5,0.95,20,0.0001
26,snowball,True,True,2,5,0.95,20,0.01
27,snowball,True,True,2,5,0.95,30,0.001
28,snowball,True,True,2,5,0.95,30,0.0001
29,snowball,True,True,2,5,0.95,30,0.01
30,snowball,True,True,2,5,0.99,20,0.001
31,snowball,True,True,2,5,0.99,20,0.0001
32,snowball,True,True,2,5,0.99,20,0.01
33,snowball,True,True,2,5,0.99,30,0.001
34,snowball,True,True,2,5,0.99,30,0.0001
35,snowball,True,True,2,5,0.99,30,0.01
36,snowball,True,True,2,10,0.9,20,0.001
37,snowball,True,True,2,10,0.9,20,0.0001
38,snowball,True,True,2,10,0.9,20,0.01
39,snowball,True,True,2,10,0.9,30,0.001
40,snowball,True,True,2,10,0.9,30,0.0001
41,snowball,True,True,2,10,0.9,30,0.01
42,snowball,True,True,2,10,0.95,20,0.001
43,snowball,True,True,2,10,0.95,20,0.0001
44,snowball,True,True,2,10,0.95,20,0.01
45,snowball,True,True,2,10,0.95,30,0.001
46,snowball,True,True,2,10,0.95,30,0.0001
47,snowball,True,True,2,10,0.95,30,0.01
48,snowball,True,True,2,10,0.99,20,0.001
49,snowball,True,True,2,10,0.99,20,0.0001
50,snowball,True,True,2,10,0.99,20,0.01
51,snowball,True,True,2,10,0.99,30,0.001
52,snowball,True,True,2,10,0.99,30,0.0001
53,snowball,True,True,2,10,0.99,30,0.01
54,snowball,True,True,3,3,0.9,20,0.001
55,snowball,True,True,3,3,0.9,20,0.0001
56,snowball,True,True,3,3,0.9,20,0.01
57,snowball,True,True,3,3,0.9,30,0.001
58,snowball,True,True,3,3,0.9,30,0.0001
59,snowball,True,True,3,3,0.9,30,0.01
60,snowball,True,True,3,3,0.95,20,0.001
61,snowball,True,True,3,3,0.95,20,0.0001
62,snowball,True,True,3,3,0.95,20,0.01
63,snowball,True,True,3,3,0.95,30,0.001
64,snowball,True,True,3,3,0.95,30,0.0001
65,snowball,True,True,3,3,0.95,30,0.01
66,snowball,True,True,3,3,0.99,20,0.001
67,snowball,True,True,3,3,0.99,20,0.0001
68,snowball,True,True,3,3,0.99,20,0.01
69,snowball,True,True,3,3,0.99,30,0.001
70,snowball,True,True,3,3,0.99,30,0.0001
71,snowball,True,True,3,3,0.99,30,0.01
72,snowball,True,True,3,5,0.9,20,0.001
73,snowball,True,True,3,5,0.9,20,0.0001
74,snowball,True,True,3,5,0.9,20,0.01
75,snowball,True,True,3,5,0.9,30,0.001
76,snowball,True,True,3,5,0.9,30,0.0001
77,snowball,True,True,3,5,0.9,30,0.01
78,snowball,True,True,3,5,0.95,20,0.001
79,snowball,True,True,3,5,0.95,20,0.0001
80,snowball,True,True,3,5,0.95,20,0.01
81,snowball,True,True,3,5,0.95,30,0.001
82,snowball,True,True,3,5,0.95,30,0.0001
83,snowball,True,True,3,5,0.95,30,0.01
84,snowball,True,True,3,5,0.99,20,0.001
85,snowball,True,True,3,5,0.99,20,0.0001
86,snowball,True,True,3,5,0.99,20,0.01
87,snowball,True,True,3,5,0.99,30,0.001
88,snowball,True,True,3,5,0.99,30,0.0001
89,snowball,True,True,3,5,0.99,30,0.01
90,snowball,True,True,3,10,0.9,20,0.001
91,snowball,True,True,3,10,0.9,20,0.0001
92,snowball,True,True,3,10,0.9,20,0.01
93,snowball,True,True,3,10,0.9,30,0.001
94,snowball,True,True,3,10,0.9,30,0.0001
95,snowball,True,True,3,10,0.9,30,0.01
96,snowball,True,True,3,10,0.95,20,0.001
97,snowball,True,True,3,10,0.95,20,0.0001
98,snowball,True,True,3,10,0.95,20,0.01
99,snowball,True,True,3,10,0.95,30,0.001
100,snowball,True,True,3,10,0.95,30,0.0001
101,snowball,True,True,3,10,0.95,30,0.01
102,snowball,True,True,3,10,0.99,20,0.001
103,snowball,True,True,3,10,0.99,20,0.0001
104,snowball,True,True,3,10,0.99,20,0.01
105,snowball,True,True,3,10,0.99,30,0.001
106,snowball,True,True,3,10,0.99,30,0.0001
107,snowball,True,True,3,10,0.99,30,0.01
108,snowball,True,False,2,3,0.9,20,0.001
109,snowball,True,False,2,3,0.9,20,0.0001
110,snowball,True,False,2,3,0.9,20,0.01
111,snowball,True,False,2,3,0.9,30,0.001
112,snowball,True,False,2,3,0.9,30,0.0001
113,snowball,True,False,2,3,0.9,30,0.01
114,snowball,True,False,2,3,0.95,20,0.001
115,snowball,True,False,2,3,0.95,20,0.0001
116,snowball,True,False,2,3,0.95,20,0.01
117,snowball,True,False,2,3,0.95,30,0.001
118,snowball,True,False,2,3,0.95,30,0.0001
119,snowball,True,False,2,3,0.95,30,0.01
120,snowball,True,False,2,3,0.99,20,0.001
121,snowball,True,False,2,3,0.99,20,0.0001
122,snowball,True,False,2,3,0.99,20,0.01
123,snowball,True,False,2,3,0.99,30,0.001
124,snowball,True,False,2,3,0.99,30,0.0001
125,snowball,True,False,2,3,0.99,30,0.01
126,snowball,True,False,2,5,0.9,20,0.001
127,snowball,True,False,2,5,0.9,20,0.0001
128,snowball,True,False,2,5,0.9,20,0.01
129,snowball,True,False,2,5,0.9,30,0.001
130,snowball,True,False,2,5,0.9,30,0.0001
131,snowball,True,False,2,5,0.9,30,0.01
132,snowball,True,False,2,5,0.95,20,0.001
133,snowball,True,False,2,5,0.95,20,0.0001
134,snowball,True,False,2,5,0.95,20,0.01
135,snowball,True,False,2,5,0.95,30,0.001
136,snowball,True,False,2,5,0.95,30,0.0001
137,snowball,True,False,2,5,0.95,30,0.01
138,snowball,True,False,2,5,0.99,20,0.001
139,snowball,True,False,2,5,0.99,20,0.0001
140,snowball,True,False,2,5,0.99,20,0.01
141,snowball,True,False,2,5,0.99,30,0.001
142,snowball,True,False,2,5,0.99,30,0.0001
143,snowball,True,False,2,5,0.99,30,0.01
144,snowball,True,False,2,10,0.9,20,0.001
145,snowball,True,False,2,10,0.9,20,0.0001
146,snowball,True,False,2,10,0.9,20,0.01
147,snowball,True,False,2,10,0.9,30,0.001
148,snowball,True,False,2,10,0.9,30,0.0001
149,snowball,True,False,2,10,0.9,30,0.01
150,snowball,True,False,2,10,0.95,20,0.001
151,snowball,True,False,2,10,0.95,20,0.0001
152,snowball,True,False,2,10,0.95,20,0.01
153,snowball,True,False,2,10,0.95,30,0.001
154,snowball,True,False,2,10,0.95,30,0.0001
155,snowball,True,False,2,10,0.95,30,0.01
156,snowball,True,False,2,10,0.99,20,0.001
157,snowball,True,False,2,10,0.99,20,0.0001
158,snowball,True,False,2,10,0.99,20,0.01
159,snowball,True,False,2,10,0.99,30,0.001
160,snowball,True,False,2,10,0.99,30,0.0001
161,snowball,True,False,2,10,0.99,30,0.01
162,snowball,True,False,3,3,0.9,20,0.001
163,snowball,True,False,3,3,0.9,20,0.0001
164,snowball,True,False,3,3,0.9,20,0.01
165,snowball,True,False,3,3,0.9,30,0.001
166,snowball,True,False,3,3,0.9,30,0.0001
167,snowball,True,False,3,3,0.9,30,0.01
168,snowball,True,False,3,3,0.95,20,0.001
169,snowball,True,False,3,3,0.95,20,0.0001
170,snowball,True,False,3,3,0.95,20,0.01
171,snowball,True,False,3,3,0.95,30,0.001
172,snowball,True,False,3,3,0.95,30,0.0001
173,snowball,True,False,3,3,0.95,30,0.01
174,snowball,True,False,3,3,0.99,20,0.001
175,snowball,True,False,3,3,0.99,20,0.0001
176,snowball,True,False,3,3,0.99,20,0.01
177,snowball,True,False,3,3,0.99,30,0.001
178,snowball,True,False,3,3,0.99,30,0.0001
179,snowball,True,False,3,3,0.99,30,0.01
180,snowball,True,False,3,5,0.9,20,0.001
181,snowball,True,False,3,5,0.9,20,0.0001
182,snowball,True,False,3,5,0.9,20,0.01
183,snowball,True,False,3,5,0.9,30,0.001
184,snowball,True,False,3,5,0.9,30,0.0001
185,snowball,True,False,3,5,0.9,30,0.01
186,snowball,True,False,3,5,0.95,20,0.001
187,snowball,True,False,3,5,0.95,20,0.0001
188,snowball,True,False,3,5,0.95,20,0.01
189,snowball,True,False,3,5,0.95,30,0.001
190,snowball,True,False,3,5,0.95,30,0.0001
191,snowball,True,False,3,5,0.95,30,0.01
192,snowball,True,False,3,5,0.99,20,0.001
193,snowball,True,False,3,5,0.99,20,0.0001
194,snowball,True,False,3,5,0.99,20,0.01
195,snowball,True,False,3,5,0.99,30,0.001
196,snowball,True,False,3,5,0.99,30,0.0001
197,snowball,True,False,3,5,0.99,30,0.01
198,snowball,True,False,3,10,0.9,20,0.001
199,snowball,True,False,3,10,0.9,20,0.0001
200,snowball,True,False,3,10,0.9,20,0.01
201,snowball,True,False,3,10,0.9,30,0.001
202,snowball,True,False,3,10,0.9,30,0.0001
203,snowball,True,False,3,10,0.9,30,0.01
204,snowball,True,False,3,10,0.95,20,0.001
205,snowball,True,False,3,10,0.95,20,0.0001
206,snowball,True,False,3,10,0.95,20,0.01
207,snowball,True,False,3,10,0.95,30,0.001
208,snowball,True,False,3,10,0.95,30,0.0001
209,snowball,True,False,3,10,0.95,30,0.01
210,snowball,True,False,3,10,0.99,20,0.001
211,snowball,True,False,3,10,0.99,20,0.0001
212,snowball,True,False,3,10,0.99,20,0.01
213,snowball,True,False,3,10,0.99,30,0.001
214,snowball,True,False,3,10,0.99,30,0.0001
215,snowball,True,False,3,10,0.99,30,0.01
216,snowball,False,True,2,3,0.9,20,0.001
217,snowball,False,True,2,3,0.9,20,0.0001
218,snowball,False,True,2,3,0.9,20,0.01
219,snowball,False,True,2,3,0.9,30,0.001
220,snowball,False,True,2,3,0.9,30,0.0001
221,snowball,False,True,2,3,0.9,30,0.01
222,snowball,False,True,2,3,0.95,20,0.001
223,snowball,False,True,2,3,0.95,20,0.0001
224,snowball,False,True,2,3,0.95,20,0.01
225,snowball,False,True,2,3,0.95,30,0.001
226,snowball,False,True,2,3,0.95,30,0.0001
227,snowball,False,True,2,3,0.95,30,0.01
228,snowball,False,True,2,3,0.99,20,0.001
229,snowball,False,True,2,3,0.99,20,0.0001
230,snowball,False,True,2,3,0.99,20,0.01
231,snowball,False,True,2,3,0.99,30,0.001
232,snowball,False,True,2,3,0.99,30,0.0001
233,snowball,False,True,2,3,0.99,30,0.01
234,snowball,False,True,2,5,0.9,20,0.001
235,snowball,False,True,2,5,0.9,20,0.0001
236,snowball,False,True,2,5,0.9,20,0.01
237,snowball,False,True,2,5,0.9,30,0.001
238,snowball,False,True,2,5,0.9,30,0.0001
239,snowball,False,True,2,5,0.9,30,0.01
240,snowball,False,True,2,5,0.95,20,0.001
241,snowball,False,True,2,5,0.95,20,0.0001
242,snowball,False,True,2,5,0.95,20,0.01
243,snowball,False,True,2,5,0.95,30,0.001
244,snowball,False,True,2,5,0.95,30,0.0001
245,snowball,False,True,2,5,0.95,30,0.01
246,snowball,False,True,2,5,0.99,20,0.001
247,snowball,False,True,2,5,0.99,20,0.0001
248,snowball,False,True,2,5,0.99,20,0.01
249,snowball,False,True,2,5,0.99,30,0.001
250,snowball,False,True,2,5,0.99,30,0.0001
251,snowball,False,True,2,5,0.99,30,0.01
252,snowball,False,True,2,10,0.9,20,0.001
253,snowball,False,True,2,10,0.9,20,0.0001
254,snowball,False,True,2,10,0.9,20,0.01
255,snowball,False,True,2,10,0.9,30,0.001
256,snowball,False,True,2,10,0.9,30,0.0001
257,snowball,False,True,2,10,0.9,30,0.01
258,snowball,False,True,2,10,0.95,20,0.001
259,snowball,False,True,2,10,0.95,20,0.0001
260,snowball,False,True,2,10,0.95,20,0.01
261,snowball,False,True,2,10,0.95,30,0.001
262,snowball,False,True,2,10,0.95,30,0.0001
263,snowball,False,True,2,10,0.95,30,0.01
264,snowball,False,True,2,10,0.99,20,0.001
265,snowball,False,True,2,10,0.99,20,0.0001
266,snowball,False,True,2,10,0.99,20,0.01
267,snowball,False,True,2,10,0.99,30,0.001
268,snowball,False,True,2,10,0.99,30,0.0001
269,snowball,False,True,2,10,0.99,30,0.01
270,snowball,False,True,3,3,0.9,20,0.001
271,snowball,False,True,3,3,0.9,20,0.0001
272,snowball,False,True,3,3,0.9,20,0.01
273,snowball,False,True,3,3,0.9,30,0.001
274,snowball,False,True,3,3,0.9,30,0.0001
275,snowball,False,True,3,3,0.9,30,0.01
276,snowball,False,True,3,3,0.95,20,0.001
277,snowball,False,True,3,3,0.95,20,0.0001
278,snowball,False,True,3,3,0.95,20,0.01
279,snowball,False,True,3,3,0.95,30,0.001
280,snowball,False,True,3,3,0.95,30,0.0001
281,snowball,False,True,3,3,0.95,30,0.01
282,snowball,False,True,3,3,0.99,20,0.001
283,snowball,False,True,3,3,0.99,20,0.0001
284,snowball,False,True,3,3,0.99,20,0.01
285,snowball,False,True,3,3,0.99,30,0.001
286,snowball,False,True,3,3,0.99,30,0.0001
287,snowball,False,True,3,3,0.99,30,0.01
288,snowball,False,True,3,5,0.9,20,0.001
289,snowball,False,True,3,5,0.9,20,0.0001
290,snowball,False,True,3,5,0.9,20,0.01
291,snowball,False,True,3,5,0.9,30,0.001
292,snowball,False,True,3,5,0.9,30,0.0001
293,snowball,False,True,3,5,0.9,30,0.01
294,snowball,False,True,3,5,0.95,20,0.001
295,snowball,False,True,3,5,0.95,20,0.0001
296,snowball,False,True,3,5,0.95,20,0.01
297,snowball,False,True,3,5,0.95,30,0.001
298,snowball,False,True,3,5,0.95,30,0.0001
299,snowball,False,True,3,5,0.95,30,0.01
300,snowball,False,True,3,5,0.99,20,0.001
301,snowball,False,True,3,5,0.99,20,0.0001
302,snowball,False,True,3,5,0.99,20,0.01
303,snowball,False,True,3,5,0.99,30,0.001
304,snowball,False,True,3,5,0.99,30,0.0001
305,snowball,False,True,3,5,0.99,30,0.01
306,snowball,False,True,3,10,0.9,20,0.001
307,snowball,False,True,3,10,0.9,20,0.0001
308,snowball,False,True,3,10,0.9,20,0.01
309,snowball,False,True,3,10,0.9,30,0.001
310,snowball,False,True,3,10,0.9,30,0.0001
311,snowball,False,True,3,10,0.9,30,0.01
312,snowball,False,True,3,10,0.95,20,0.001
313,snowball,False,True,3,10,0.95,20,0.0001
314,snowball,False,True,3,10,0.95,20,0.01
315,snowball,False,True,3,10,0.95,30,0.001
316,snowball,False,True,3,10,0.95,30,0.0001
317,snowball,False,True,3,10,0.95,30,0.01
318,snowball,False,True,3,10,0.99,20,0.001
319,snowball,False,True,3,10,0.99,20,0.0001
320,snowball,False,True,3,10,0.99,20,0.01
321,snowball,False,True,3,10,0.99,30,0.001
322,snowball,False,True,3,10,0.99,30,0.0001
323,snowball,False,True,3,10,0.99,30,0.01
324,snowball,False,False,2,3,0.9,20,0.001
325,snowball,False,False,2,3,0.9,20,0.0001
326,snowball,False,False,2,3,0.9,20,0.01
327,snowball,False,False,2,3,0.9,30,0.001
328,snowball,False,False,2,3,0.9,30,0.0001
329,snowball,False,False,2,3,0.9,30,0.01
330,snowball,False,False,2,3,0.95,20,0.001
331,snowball,False,False,2,3,0.95,20,0.0001
332,snowball,False,False,2,3,0.95,20,0.01
333,snowball,False,False,2,3,0.95,30,0.001
334,snowball,False,False,2,3,0.95,30,0.0001
335,snowball,False,False,2,3,0.95,30,0.01
336,snowball,False,False,2,3,0.99,20,0.001
337,snowball,False,False,2,3,0.99,20,0.0001
338,snowball,False,False,2,3,0.99,20,0.01
339,snowball,False,False,2,3,0.99,30,0.001
340,snowball,False,False,2,3,0.99,30,0.0001
341,snowball,False,False,2,3,0.99,30,0.01
342,snowball,False,False,2,5,0.9,20,0.001
343,snowball,False,False,2,5,0.9,20,0.0001
344,snowball,False,False,2,5,0.9,20,0.01
345,snowball,False,False,2,5,0.9,30,0.001
346,snowball,False,False,2,5,0.9,30,0.0001
347,snowball,False,False,2,5,0.9,30,0.01
348,snowball,False,False,2,5,0.95,20,0.001
349,snowball,False,False,2,5,0.95,20,0.0001
350,snowball,False,False,2,5,0.95,20,0.01
351,snowball,False,False,2,5,0.95,30,0.001
352,snowball,False,False,2,5,0.95,30,0.0001
353,snowball,False,False,2,5,0.95,30,0.01
354,snowball,False,False,2,5,0.99,20,0.001
355,snowball,False,False,2,5,0.99,20,0.0001
356,snowball,False,False,2,5,0.99,20,0.01
357,snowball,False,False,2,5,0.99,30,0.001
358,snowball,False,False,2,5,0.99,30,0.0001
359,snowball,False,False,2,5,0.99,30,0.01
360,snowball,False,False,2,10,0.9,20,0.001
361,snowball,False,False,2,10,0.9,20,0.0001
362,snowball,False,False,2,10,0.9,20,0.01
363,snowball,False,False,2,10,0.9,30,0.001
364,snowball,False,False,2,10,0.9,30,0.0001
365,snowball,False,False,2,10,0.9,30,0.01
366,snowball,False,False,2,10,0.95,20,0.001
367,snowball,False,False,2,10,0.95,20,0.0001
368,snowball,False,False,2,10,0.95,20,0.01
369,snowball,False,False,2,10,0.95,30,0.001
370,snowball,False,False,2,10,0.95,30,0.0001
371,snowball,False,False,2,10,0.95,30,0.01
372,snowball,False,False,2,10,0.99,20,0.001
373,snowball,False,False,2,10,0.99,20,0.0001
374,snowball,False,False,2,10,0.99,20,0.01
375,snowball,False,False,2,10,0.99,30,0.001
376,snowball,False,False,2,10,0.99,30,0.0001
377,snowball,False,False,2,10,0.99,30,0.01
378,snowball,False,False,3,3,0.9,20,0.001
379,snowball,False,False,3,3,0.9,20,0.0001
380,snowball,False,False,3,3,0.9,20,0.01
381,snowball,False,False,3,3,0.9,30,0.001
382,snowball,False,False,3,3,0.9,30,0.0001
383,snowball,False,False,3,3,0.9,30,0.01
384,snowball,False,False,3,3,0.95,20,0.001
385,snowball,False,False,3,3,0.95,20,0.0001
386,snowball,False,False,3,3,0.95,20,0.01
387,snowball,False,False,3,3,0.95,30,0.001
388,snowball,False,False,3,3,0.95,30,0.0001
389,snowball,False,False,3,3,0.95,30,0.01
390,snowball,False,False,3,3,0.99,20,0.001
391,snowball,False,False,3,3,0.99,20,0.0001
392,snowball,False,False,3,3,0.99,20,0.01
393,snowball,False,False,3,3,0.99,30,0.001
394,snowball,False,False,3,3,0.99,30,0.0001
395,snowball,False,False,3,3,0.99,30,0.01
396,snowball,False,False,3,5,0.9,20,0.001
397,snowball,False,False,3,5,0.9,20,0.0001
398,snowball,False,False,3,5,0.9,20,0.01
399,snowball,False,False,3,5,0.9,30,0.001
400,snowball,False,False,3,5,0.9,30,0.0001
401,snowball,False,False,3,5,0.9,30,0.01
402,snowball,False,False,3,5,0.95,20,0.001
403,snowball,False,False,3,5,0.95,20,0.0001
404,snowball,False,False,3,5,0.95,20,0.01
405,snowball,False,False,3,5,0.95,30,0.001
406,snowball,False,False,3,5,0.95,30,0.0001
407,snowball,False,False,3,5,0.95,30,0.01
408,snowball,False,False,3,5,0.99,20,0.001
409,snowball,False,False,3,5,0.99,20,0.0001
410,snowball,False,False,3,5,0.99,20,0.01
411,snowball,False,False,3,5,0.99,30,0.001
412,snowball,False,False,3,5,0.99,30,0.0001
413,snowball,False,False,3,5,0.99,30,0.01
414,snowball,False,False,3,10,0.9,20,0.001
415,snowball,False,False,3,10,0.9,20,0.0001
416,snowball,False,False,3,10,0.9,20,0.01
417,snowball,False,False,3,10,0.9,30,0.001
418,snowball,False,False,3,10,0.9,30,0.0001
419,snowball,False,False,3,10,0.9,30,0.01
420,snowball,False,False,3,10,0.95,20,0.001
421,snowball,False,False,3,10,0.95,20,0.0001
422,snowball,False,False,3,10,0.95,20,0.01
423,snowball,False,False,3,10,0.95,30,0.001
424,snowball,False,False,3,10,0.95,30,0.0001
425,snowball,False,False,3,10,0.95,30,0.01
426,snowball,False,False,3,10,0.99,20,0.001
427,snowball,False,False,3,10,0.99,20,0.0001
428,snowball,False,False,3,10,0.99,20,0.01
429,snowball,False,False,3,10,0.99,30,0.001
430,snowball,False,False,3,10,0.99,30,0.0001
431,snowball,False,False,3,10,0.99,30,0.01
432,porter,True,True,2,3,0.9,20,0.001
433,porter,True,True,2,3,0.9,20,0.0001
434,porter,True,True,2,3,0.9,20,0.01
435,porter,True,True,2,3,0.9,30,0.001
436,porter,True,True,2,3,0.9,30,0.0001
437,porter,True,True,2,3,0.9,30,0.01
438,porter,True,True,2,3,0.95,20,0.001
439,porter,True,True,2,3,0.95,20,0.0001
440,porter,True,True,2,3,0.95,20,0.01
441,porter,True,True,2,3,0.95,30,0.001
442,porter,True,True,2,3,0.95,30,0.0001
443,porter,True,True,2,3,0.95,30,0.01
444,porter,True,True,2,3,0.99,20,0.001
445,porter,True,True,2,3,0.99,20,0.0001
446,porter,True,True,2,3,0.99,20,0.01
447,porter,True,True,2,3,0.99,30,0.001
448,porter,True,True,2,3,0.99,30,0.0001
449,porter,True,True,2,3,0.99,30,0.01
450,porter,True,True,2,5,0.9,20,0.001
451,porter,True,True,2,5,0.9,20,0.0001
452,porter,True,True,2,5,0.9,20,0.01
453,porter,True,True,2,5,0.9,30,0.001
454,porter,True,True,2,5,0.9,30,0.0001
455,porter,True,True,2,5,0.9,30,0.01
456,porter,True,True,2,5,0.95,20,0.001
457,porter,True,True,2,5,0.95,20,0.0001
458,porter,True,True,2,5,0.95,20,0.01
459,porter,True,True,2,5,0.95,30,0.001
460,porter,True,True,2,5,0.95,30,0.0001
461,porter,True,True,2,5,0.95,30,0.01
462,porter,True,True,2,5,0.99,20,0.001
463,porter,True,True,2,5,0.99,20,0.0001
464,porter,True,True,2,5,0.99,20,0.01
465,porter,True,True,2,5,0.99,30,0.001
466,porter,True,True,2,5,0.99,30,0.0001
467,porter,True,True,2,5,0.99,30,0.01
468,porter,True,True,2,10,0.9,20,0.001
469,porter,True,True,2,10,0.9,20,0.0001
470,porter,True,True,2,10,0.9,20,0.01
471,porter,True,True,2,10,0.9,30,0.001
472,porter,True,True,2,10,0.9,30,0.0001
473,porter,True,True,2,10,0.9,30,0.01
474,porter,True,True,2,10,0.95,20,0.001
475,porter,True,True,2,10,0.95,20,0.0001
476,porter,True,True,2,10,0.95,20,0.01
477,porter,True,True,2,10,0.95,30,0.001
478,porter,True,True,2,10,0.95,30,0.0001
479,porter,True,True,2,10,0.95,30,0.01
480,porter,True,True,2,10,0.99,20,0.001
481,porter,True,True,2,10,0.99,20,0.0001
482,porter,True,True,2,10,0.99,20,0.01
483,porter,True,True,2,10,0.99,30,0.001
484,porter,True,True,2,10,0.99,30,0.0001
485,porter,True,True,2,10,0.99,30,0.01
486,porter,True,True,3,3,0.9,20,0.001
487,porter,True,True,3,3,0.9,20,0.0001
488,porter,True,True,3,3,0.9,20,0.01
489,porter,True,True,3,3,0.9,30,0.001
490,porter,True,True,3,3,0.9,30,0.0001
491,porter,True,True,3,3,0.9,30,0.01
492,porter,True,True,3,3,0.95,20,0.001
493,porter,True,True,3,3,0.95,20,0.0001
494,porter,True,True,3,3,0.95,20,0.01
495,porter,True,True,3,3,0.95,30,0.001
496,porter,True,True,3,3,0.95,30,0.0001
497,porter,True,True,3,3,0.95,30,0.01
498,porter,True,True,3,3,0.99,20,0.001
499,porter,True,True,3,3,0.99,20,0.0001
500,porter,True,True,3,3,0.99,20,0.01
501,porter,True,True,3,3,0.99,30,0.001
502,porter,True,True,3,3,0.99,30,0.0001
503,porter,True,True,3,3,0.99,30,0.01
504,porter,True,True,3,5,0.9,20,0.001
505,porter,True,True,3,5,0.9,20,0.0001
506,porter,True,True,3,5,0.9,20,0.01
507,porter,True,True,3,5,0.9,30,0.001
508,porter,True,True,3,5,0.9,30,0.0001
509,porter,True,True,3,5,0.9,30,0.01
510,porter,True,True,3,5,0.95,20,0.001
511,porter,True,True,3,5,0.95,20,0.0001
512,porter,True,True,3,5,0.95,20,0.01
513,porter,True,True,3,5,0.95,30,0.001
514,porter,True,True,3,5,0.95,30,0.0001
515,porter,True,True,3,5,0.95,30,0.01
516,porter,True,True,3,5,0.99,20,0.001
517,porter,True,True,3,5,0.99,20,0.0001
518,porter,True,True,3,5,0.99,20,0.01
519,porter,True,True,3,5,0.99,30,0.001
520,porter,True,True,3,5,0.99,30,0.0001
521,porter,True,True,3,5,0.99,30,0.01
522,porter,True,True,3,10,0.9,20,0.001
523,porter,True,True,3,10,0.9,20,0.0001
524,porter,True,True,3,10,0.9,20,0.01
525,porter,True,True,3,10,0.9,30,0.001
526,porter,True,True,3,10,0.9,30,0.0001
527,porter,True,True,3,10,0.9,30,0.01
528,porter,True,True,3,10,0.95,20,0.001
529,porter,True,True,3,10,0.95,20,0.0001
530,porter,True,True,3,10,0.95,20,0.01
531,porter,True,True,3,10,0.95,30,0.001
532,porter,True,True,3,10,0.95,30,0.0001
533,porter,True,True,3,10,0.95,30,0.01
534,porter,True,True,3,10,0.99,20,0.001
535,porter,True,True,3,10,0.99,20,0.0001
536,porter,True,True,3,10,0.99,20,0.01
537,porter,True,True,3,10,0.99,30,0.001
538,porter,True,True,3,10,0.99,30,0.0001
539,porter,True,True,3,10,0.99,30,0.01
540,porter,True,False,2,3,0.9,20,0.001
541,porter,True,False,2,3,0.9,20,0.0001
542,porter,True,False,2,3,0.9,20,0.01
543,porter,True,False,2,3,0.9,30,0.001
544,porter,True,False,2,3,0.9,30,0.0001
545,porter,True,False,2,3,0.9,30,0.01
546,porter,True,False,2,3,0.95,20,0.001
547,porter,True,False,2,3,0.95,20,0.0001
548,porter,True,False,2,3,0.95,20,0.01
549,porter,True,False,2,3,0.95,30,0.001
550,porter,True,False,2,3,0.95,30,0.0001
551,porter,True,False,2,3,0.95,30,0.01
552,porter,True,False,2,3,0.99,20,0.001
553,porter,True,False,2,3,0.99,20,0.0001
554,porter,True,False,2,3,0.99,20,0.01
555,porter,True,False,2,3,0.99,30,0.001
556,porter,True,False,2,3,0.99,30,0.0001
557,porter,True,False,2,3,0.99,30,0.01
558,porter,True,False,2,5,0.9,20,0.001
559,porter,True,False,2,5,0.9,20,0.0001
560,porter,True,False,2,5,0.9,20,0.01
561,porter,True,False,2,5,0.9,30,0.001
562,porter,True,False,2,5,0.9,30,0.0001
563,porter,True,False,2,5,0.9,30,0.01
564,porter,True,False,2,5,0.95,20,0.001
565,porter,True,False,2,5,0.95,20,0.0001
566,porter,True,False,2,5,0.95,20,0.01
567,porter,True,False,2,5,0.95,30,0.001
568,porter,True,False,2,5,0.95,30,0.0001
569,porter,True,False,2,5,0.95,30,0.01
570,porter,True,False,2,5,0.99,20,0.001
571,porter,True,False,2,5,0.99,20,0.0001
572,porter,True,False,2,5,0.99,20,0.01
573,porter,True,False,2,5,0.99,30,0.001
574,porter,True,False,2,5,0.99,30,0.0001
575,porter,True,False,2,5,0.99,30,0.01
576,porter,True,False,2,10,0.9,20,0.001
577,porter,True,False,2,10,0.9,20,0.0001
578,porter,True,False,2,10,0.9,20,0.01
579,porter,True,False,2,10,0.9,30,0.001
580,porter,True,False,2,10,0.9,30,0.0001
581,porter,True,False,2,10,0.9,30,0.01
582,porter,True,False,2,10,0.95,20,0.001
583,porter,True,False,2,10,0.95,20,0.0001
584,porter,True,False,2,10,0.95,20,0.01
585,porter,True,False,2,10,0.95,30,0.001
586,porter,True,False,2,10,0.95,30,0.0001
587,porter,True,False,2,10,0.95,30,0.01
588,porter,True,False,2,10,0.99,20,0.001
589,porter,True,False,2,10,0.99,20,0.0001
590,porter,True,False,2,10,0.99,20,0.01
591,porter,True,False,2,10,0.99,30,0.001
592,porter,True,False,2,10,0.99,30,0.0001
593,porter,True,False,2,10,0.99,30,0.01
594,porter,True,False,3,3,0.9,20,0.001
595,porter,True,False,3,3,0.9,20,0.0001
596,porter,True,False,3,3,0.9,20,0.01
597,porter,True,False,3,3,0.9,30,0.001
598,porter,True,False,3,3,0.9,30,0.0001
599,porter,True,False,3,3,0.9,30,0.01
600,porter,True,False,3,3,0.95,20,0.001
601,porter,True,False,3,3,0.95,20,0.0001
602,porter,True,False,3,3,0.95,20,0.01
603,porter,True,False,3,3,0.95,30,0.001
604,porter,True,False,3,3,0.95,30,0.0001
605,porter,True,False,3,3,0.95,30,0.01
606,porter,True,False,3,3,0.99,20,0.001
607,porter,True,False,3,3,0.99,20,0.0001
608,porter,True,False,3,3,0.99,20,0.01
609,porter,True,False,3,3,0.99,30,0.001
610,porter,True,False,3,3,0.99,30,0.0001
611,porter,True,False,3,3,0.99,30,0.01
612,porter,True,False,3,5,0.9,20,0.001
613,porter,True,False,3,5,0.9,20,0.0001
614,porter,True,False,3,5,0.9,20,0.01
615,porter,True,False,3,5,0.9,30,0.001
616,porter,True,False,3,5,0.9,30,0.0001
617,porter,True,False,3,5,0.9,30,0.01
618,porter,True,False,3,5,0.95,20,0.001
619,porter,True,False,3,5,0.95,20,0.0001
620,porter,True,False,3,5,0.95,20,0.01
621,porter,True,False,3,5,0.95,30,0.001
622,porter,True,False,3,5,0.95,30,0.0001
623,porter,True,False,3,5,0.95,30,0.01
624,porter,True,False,3,5,0.99,20,0.001
625,porter,True,False,3,5,0.99,20,0.0001
626,porter,True,False,3,5,0.99,20,0.01
627,porter,True,False,3,5,0.99,30,0.001
628,porter,True,False,3,5,0.99,30,0.0001
629,porter,True,False,3,5,0.99,30,0.01
630,porter,True,False,3,10,0.9,20,0.001
631,porter,True,False,3,10,0.9,20,0.0001
632,porter,True,False,3,10,0.9,20,0.01
633,porter,True,False,3,10,0.9,30,0.001
634,porter,True,False,3,10,0.9,30,0.0001
635,porter,True,False,3,10,0.9,30,0.01
636,porter,True,False,3,10,0.95,20,0.001
637,porter,True,False,3,10,0.95,20,0.0001
638,porter,True,False,3,10,0.95,20,0.01
639,porter,True,False,3,10,0.95,30,0.001
640,porter,True,False,3,10,0.95,30,0.0001
641,porter,True,False,3,10,0.95,30,0.01
642,porter,True,False,3,10,0.99,20,0.001
643,porter,True,False,3,10,0.99,20,0.0001
644,porter,True,False,3,10,0.99,20,0.01
645,porter,True,False,3,10,0.99,30,0.001
646,porter,True,False,3,10,0.99,30,0.0001
647,porter,True,False,3,10,0.99,30,0.01
648,porter,False,True,2,3,0.9,20,0.001
649,porter,False,True,2,3,0.9,20,0.0001
650,porter,False,True,2,3,0.9,20,0.01
651,porter,False,True,2,3,0.9,30,0.001
652,porter,False,True,2,3,0.9,30,0.0001
653,porter,False,True,2,3,0.9,30,0.01
654,porter,False,True,2,3,0.95,20,0.001
655,porter,False,True,2,3,0.95,20,0.0001
656,porter,False,True,2,3,0.95,20,0.01
657,porter,False,True,2,3,0.95,30,0.001
658,porter,False,True,2,3,0.95,30,0.0001
659,porter,False,True,2,3,0.95,30,0.01
660,porter,False,True,2,3,0.99,20,0.001
661,porter,False,True,2,3,0.99,20,0.0001
662,porter,False,True,2,3,0.99,20,0.01
663,porter,False,True,2,3,0.99,30,0.001
664,porter,False,True,2,3,0.99,30,0.0001
665,porter,False,True,2,3,0.99,30,0.01
666,porter,False,True,2,5,0.9,20,0.001
667,porter,False,True,2,5,0.9,20,0.0001
668,porter,False,True,2,5,0.9,20,0.01
669,porter,False,True,2,5,0.9,30,0.001
670,porter,False,True,2,5,0.9,30,0.0001
671,porter,False,True,2,5,0.9,30,0.01
672,porter,False,True,2,5,0.95,20,0.001
673,porter,False,True,2,5,0.95,20,0.0001
674,porter,False,True,2,5,0.95,20,0.01
675,porter,False,True,2,5,0.95,30,0.001
676,porter,False,True,2,5,0.95,30,0.0001
677,porter,False,True,2,5,0.95,30,0.01
678,porter,False,True,2,5,0.99,20,0.001
679,porter,False,True,2,5,0.99,20,0.0001
680,porter,False,True,2,5,0.99,20,0.01
681,porter,False,True,2,5,0.99,30,0.001
682,porter,False,True,2,5,0.99,30,0.0001
683,porter,False,True,2,5,0.99,30,0.01
684,porter,False,True,2,10,0.9,20,0.001
685,porter,False,True,2,10,0.9,20,0.0001
686,porter,False,True,2,10,0.9,20,0.01
687,porter,False,True,2,10,0.9,30,0.001
688,porter,False,True,2,10,0.9,30,0.0001
689,porter,False,True,2,10,0.9,30,0.01
690,porter,False,True,2,10,0.95,20,0.001
691,porter,False,True,2,10,0.95,20,0.0001
692,porter,False,True,2,10,0.95,20,0.01
693,porter,False,True,2,10,0.95,30,0.001
694,porter,False,True,2,10,0.95,30,0.0001
695,porter,False,True,2,10,0.95,30,0.01
696,porter,False,True,2,10,0.99,20,0.001
697,porter,False,True,2,10,0.99,20,0.0001
698,porter,False,True,2,10,0.99,20,0.01
699,porter,False,True,2,10,0.99,30,0.001
700,porter,False,True,2,10,0.99,30,0.0001
701,porter,False,True,2,10,0.99,30,0.01
702,porter,False,True,3,3,0.9,20,0.001
703,porter,False,True,3,3,0.9,20,0.0001
704,porter,False,True,3,3,0.9,20,0.01
705,porter,False,True,3,3,0.9,30,0.001
706,porter,False,True,3,3,0.9,30,0.0001
707,porter,False,True,3,3,0.9,30,0.01
708,porter,False,True,3,3,0.95,20,0.001
709,porter,False,True,3,3,0.95,20,0.0001
710,porter,False,True,3,3,0.95,20,0.01
711,porter,False,True,3,3,0.95,30,0.001
712,porter,False,True,3,3,0.95,30,0.0001
713,porter,False,True,3,3,0.95,30,0.01
714,porter,False,True,3,3,0.99,20,0.001
715,porter,False,True,3,3,0.99,20,0.0001
716,porter,False,True,3,3,0.99,20,0.01
717,porter,False,True,3,3,0.99,30,0.001
718,porter,False,True,3,3,0.99,30,0.0001
719,porter,False,True,3,3,0.99,30,0.01
720,porter,False,True,3,5,0.9,20,0.001
721,porter,False,True,3,5,0.9,20,0.0001
722,porter,False,True,3,5,0.9,20,0.01
723,porter,False,True,3,5,0.9,30,0.001
724,porter,False,True,3,5,0.9,30,0.0001
725,porter,False,True,3,5,0.9,30,0.01
726,porter,False,True,3,5,0.95,20,0.001
727,porter,False,True,3,5,0.95,20,0.0001
728,porter,False,True,3,5,0.95,20,0.01
729,porter,False,True,3,5,0.95,30,0.001
730,porter,False,True,3,5,0.95,30,0.0001
731,porter,False,True,3,5,0.95,30,0.01
732,porter,False,True,3,5,0.99,20,0.001
733,porter,False,True,3,5,0.99,20,0.0001
734,porter,False,True,3,5,0.99,20,0.01
735,porter,False,True,3,5,0.99,30,0.001
736,porter,False,True,3,5,0.99,30,0.0001
737,porter,False,True,3,5,0.99,30,0.01
738,porter,False,True,3,10,0.9,20,0.001
739,porter,False,True,3,10,0.9,20,0.0001
740,porter,False,True,3,10,0.9,20,0.01
741,porter,False,True,3,10,0.9,30,0.001
742,porter,False,True,3,10,0.9,30,0.0001
743,porter,False,True,3,10,0.9,30,0.01
744,porter,False,True,3,10,0.95,20,0.001
745,porter,False,True,3,10,0.95,20,0.0001
746,porter,False,True,3,10,0.95,20,0.01
747,porter,False,True,3,10,0.95,30,0.001
748,porter,False,True,3,10,0.95,30,0.0001
749,porter,False,True,3,10,0.95,30,0.01
750,porter,False,True,3,10,0.99,20,0.001
751,porter,False,True,3,10,0.99,20,0.0001
752,porter,False,True,3,10,0.99,20,0.01
753,porter,False,True,3,10,0.99,30,0.001
754,porter,False,True,3,10,0.99,30,0.0001
755,porter,False,True,3,10,0.99,30,0.01
756,porter,False,False,2,3,0.9,20,0.001
757,porter,False,False,2,3,0.9,20,0.0001
758,porter,False,False,2,3,0.9,20,0.01
759,porter,False,False,2,3,0.9,30,0.001
760,porter,False,False,2,3,0.9,30,0.0001
761,porter,False,False,2,3,0.9,30,0.01
762,porter,False,False,2,3,0.95,20,0.001
763,porter,False,False,2,3,0.95,20,0.0001
764,porter,False,False,2,3,0.95,20,0.01
765,porter,False,False,2,3,0.95,30,0.001
766,porter,False,False,2,3,0.95,30,0.0001
767,porter,False,False,2,3,0.95,30,0.01
768,porter,False,False,2,3,0.99,20,0.001
769,porter,False,False,2,3,0.99,20,0.0001
770,porter,False,False,2,3,0.99,20,0.01
771,porter,False,False,2,3,0.99,30,0.001
772,porter,False,False,2,3,0.99,30,0.0001
773,porter,False,False,2,3,0.99,30,0.01
774,porter,False,False,2,5,0.9,20,0.001
775,porter,False,False,2,5,0.9,20,0.0001
776,porter,False,False,2,5,0.9,20,0.01
777,porter,False,False,2,5,0.9,30,0.001
778,porter,False,False,2,5,0.9,30,0.0001
779,porter,False,False,2,5,0.9,30,0.01
780,porter,False,False,2,5,0.95,20,0.001
781,porter,False,False,2,5,0.95,20,0.0001
782,porter,False,False,2,5,0.95,20,0.01
783,porter,False,False,2,5,0.95,30,0.001
784,porter,False,False,2,5,0.95,30,0.0001
785,porter,False,False,2,5,0.95,30,0.01
786,porter,False,False,2,5,0.99,20,0.001
787,porter,False,False,2,5,0.99,20,0.0001
788,porter,False,False,2,5,0.99,20,0.01
789,porter,False,False,2,5,0.99,30,0.001
790,porter,False,False,2,5,0.99,30,0.0001
791,porter,False,False,2,5,0.99,30,0.01
792,porter,False,False,2,10,0.9,20,0.001
793,porter,False,False,2,10,0.9,20,0.0001
794,porter,False,False,2,10,0.9,20,0.01
795,porter,False,False,2,10,0.9,30,0.001
796,porter,False,False,2,10,0.9,30,0.0001
797,porter,False,False,2,10,0.9,30,0.01
798,porter,False,False,2,10,0.95,20,0.001
799,porter,False,False,2,10,0.95,20,0.0001
800,porter,False,False,2,10,0.95,20,0.01
801,porter,False,False,2,10,0.95,30,0.001
802,porter,False,False,2,10,0.95,30,0.0001
803,porter,False,False,2,10,0.95,30,0.01
804,porter,False,False,2,10,0.99,20,0.001
805,porter,False,False,2,10,0.99,20,0.0001
806,porter,False,False,2,10,0.99,20,0.01
807,porter,False,False,2,10,0.99,30,0.001
808,porter,False,False,2,10,0.99,30,0.0001
809,porter,False,False,2,10,0.99,30,0.01
810,porter,False,False,3,3,0.9,20,0.001
811,porter,False,False,3,3,0.9,20,0.0001
812,porter,False,False,3,3,0.9,20,0.01
813,porter,False,False,3,3,0.9,30,0.001
814,porter,False,False,3,3,0.9,30,0.0001
815,porter,False,False,3,3,0.9,30,0.01
816,porter,False,False,3,3,0.95,20,0.001
817,porter,False,False,3,3,0.95,20,0.0001
818,porter,False,False,3,3,0.95,20,0.01
819,porter,False,False,3,3,0.95,30,0.001
820,porter,False,False,3,3,0.95,30,0.0001
821,porter,False,False,3,3,0.95,30,0.01
822,porter,False,False,3,3,0.99,20,0.001
823,porter,False,False,3,3,0.99,20,0.0001
824,porter,False,False,3,3,0.99,20,0.01
825,porter,False,False,3,3,0.99,30,0.001
826,porter,False,False,3,3,0.99,30,0.0001
827,porter,False,False,3,3,0.99,30,0.01
828,porter,False,False,3,5,0.9,20,0.001
829,porter,False,False,3,5,0.9,20,0.0001
830,porter,False,False,3,5,0.9,20,0.01
831,porter,False,False,3,5,0.9,30,0.001
832,porter,False,False,3,5,0.9,30,0.0001
833,porter,False,False,3,5,0.9,30,0.01
834,porter,False,False,3,5,0.95,20,0.001
835,porter,False,False,3,5,0.95,20,0.0001
836,porter,False,False,3,5,0.95,20,0.01
837,porter,False,False,3,5,0.95,30,0.001
838,porter,False,False,3,5,0.95,30,0.0001
839,porter,False,False,3,5,0.95,30,0.01
840,porter,False,False,3,5,0.99,20,0.001
841,porter,False,False,3,5,0.99,20,0.0001
842,porter,False,False,3,5,0.99,20,0.01
843,porter,False,False,3,5,0.99,30,0.001
844,porter,False,False,3,5,0.99,30,0.0001
845,porter,False,False,3,5,0.99,30,0.01
846,porter,False,False,3,10,0.9,20,0.001
847,porter,False,False,3,10,0.9,20,0.0001
848,porter,False,False,3,10,0.9,20,0.01
849,porter,False,False,3,10,0.9,30,0.001
850,porter,False,False,3,10,0.9,30,0.0001
851,porter,False,False,3,10,0.9,30,0.01
852,porter,False,False,3,10,0.95,20,0.001
853,porter,False,False,3,10,0.95,20,0.0001
854,porter,False,False,3,10,0.95,20,0.01
855,porter,False,False,3,10,0.95,30,0.001
856,porter,False,False,3,10,0.95,30,0.0001
857,porter,False,False,3,10,0.95,30,0.01
858,porter,False,False,3,10,0.99,20,0.001
859,porter,False,False,3,10,0.99,20,0.0001
860,porter,False,False,3,10,0.99,20,0.01
861,porter,False,False,3,10,0.99,30,0.001
862,porter,False,False,3,10,0.99,30,0.0001
863,porter,False,False,3,10,0.99,30,0.01
864,lancaster,True,True,2,3,0.9,20,0.001
865,lancaster,True,True,2,3,0.9,20,0.0001
866,lancaster,True,True,2,3,0.9,20,0.01
867,lancaster,True,True,2,3,0.9,30,0.001
868,lancaster,True,True,2,3,0.9,30,0.0001
869,lancaster,True,True,2,3,0.9,30,0.01
870,lancaster,True,True,2,3,0.95,20,0.001
871,lancaster,True,True,2,3,0.95,20,0.0001
872,lancaster,True,True,2,3,0.95,20,0.01
873,lancaster,True,True,2,3,0.95,30,0.001
874,lancaster,True,True,2,3,0.95,30,0.0001
875,lancaster,True,True,2,3,0.95,30,0.01
876,lancaster,True,True,2,3,0.99,20,0.001
877,lancaster,True,True,2,3,0.99,20,0.0001
878,lancaster,True,True,2,3,0.99,20,0.01
879,lancaster,True,True,2,3,0.99,30,0.001
880,lancaster,True,True,2,3,0.99,30,0.0001
881,lancaster,True,True,2,3,0.99,30,0.01
882,lancaster,True,True,2,5,0.9,20,0.001
883,lancaster,True,True,2,5,0.9,20,0.0001
884,lancaster,True,True,2,5,0.9,20,0.01
885,lancaster,True,True,2,5,0.9,30,0.001
886,lancaster,True,True,2,5,0.9,30,0.0001
887,lancaster,True,True,2,5,0.9,30,0.01
888,lancaster,True,True,2,5,0.95,20,0.001
889,lancaster,True,True,2,5,0.95,20,0.0001
890,lancaster,True,True,2,5,0.95,20,0.01
891,lancaster,True,True,2,5,0.95,30,0.001
892,lancaster,True,True,2,5,0.95,30,0.0001
893,lancaster,True,True,2,5,0.95,30,0.01
894,lancaster,True,True,2,5,0.99,20,0.001
895,lancaster,True,True,2,5,0.99,20,0.0001
896,lancaster,True,True,2,5,0.99,20,0.01
897,lancaster,True,True,2,5,0.99,30,0.001
898,lancaster,True,True,2,5,0.99,30,0.0001
899,lancaster,True,True,2,5,0.99,30,0.01
900,lancaster,True,True,2,10,0.9,20,0.001
901,lancaster,True,True,2,10,0.9,20,0.0001
902,lancaster,True,True,2,10,0.9,20,0.01
903,lancaster,True,True,2,10,0.9,30,0.001
904,lancaster,True,True,2,10,0.9,30,0.0001
905,lancaster,True,True,2,10,0.9,30,0.01
906,lancaster,True,True,2,10,0.95,20,0.001
907,lancaster,True,True,2,10,0.95,20,0.0001
908,lancaster,True,True,2,10,0.95,20,0.01
909,lancaster,True,True,2,10,0.95,30,0.001
910,lancaster,True,True,2,10,0.95,30,0.0001
911,lancaster,True,True,2,10,0.95,30,0.01
912,lancaster,True,True,2,10,0.99,20,0.001
913,lancaster,True,True,2,10,0.99,20,0.0001
914,lancaster,True,True,2,10,0.99,20,0.01
915,lancaster,True,True,2,10,0.99,30,0.001
916,lancaster,True,True,2,10,0.99,30,0.0001
917,lancaster,True,True,2,10,0.99,30,0.01
918,lancaster,True,True,3,3,0.9,20,0.001
919,lancaster,True,True,3,3,0.9,20,0.0001
920,lancaster,True,True,3,3,0.9,20,0.01
921,lancaster,True,True,3,3,0.9,30,0.001
922,lancaster,True,True,3,3,0.9,30,0.0001
923,lancaster,True,True,3,3,0.9,30,0.01
924,lancaster,True,True,3,3,0.95,20,0.001
925,lancaster,True,True,3,3,0.95,20,0.0001
926,lancaster,True,True,3,3,0.95,20,0.01
927,lancaster,True,True,3,3,0.95,30,0.001
928,lancaster,True,True,3,3,0.95,30,0.0001
929,lancaster,True,True,3,3,0.95,30,0.01
930,lancaster,True,True,3,3,0.99,20,0.001
931,lancaster,True,True,3,3,0.99,20,0.0001
932,lancaster,True,True,3,3,0.99,20,0.01
933,lancaster,True,True,3,3,0.99,30,0.001
934,lancaster,True,True,3,3,0.99,30,0.0001
935,lancaster,True,True,3,3,0.99,30,0.01
936,lancaster,True,True,3,5,0.9,20,0.001
937,lancaster,True,True,3,5,0.9,20,0.0001
938,lancaster,True,True,3,5,0.9,20,0.01
939,lancaster,True,True,3,5,0.9,30,0.001
940,lancaster,True,True,3,5,0.9,30,0.0001
941,lancaster,True,True,3,5,0.9,30,0.01
942,lancaster,True,True,3,5,0.95,20,0.001
943,lancaster,True,True,3,5,0.95,20,0.0001
944,lancaster,True,True,3,5,0.95,20,0.01
945,lancaster,True,True,3,5,0.95,30,0.001
946,lancaster,True,True,3,5,0.95,30,0.0001
947,lancaster,True,True,3,5,0.95,30,0.01
948,lancaster,True,True,3,5,0.99,20,0.001
949,lancaster,True,True,3,5,0.99,20,0.0001
950,lancaster,True,True,3,5,0.99,20,0.01
951,lancaster,True,True,3,5,0.99,30,0.001
952,lancaster,True,True,3,5,0.99,30,0.0001
953,lancaster,True,True,3,5,0.99,30,0.01
954,lancaster,True,True,3,10,0.9,20,0.001
955,lancaster,True,True,3,10,0.9,20,0.0001
956,lancaster,True,True,3,10,0.9,20,0.01
957,lancaster,True,True,3,10,0.9,30,0.001
958,lancaster,True,True,3,10,0.9,30,0.0001
959,lancaster,True,True,3,10,0.9,30,0.01
960,lancaster,True,True,3,10,0.95,20,0.001
961,lancaster,True,True,3,10,0.95,20,0.0001
962,lancaster,True,True,3,10,0.95,20,0.01
963,lancaster,True,True,3,10,0.95,30,0.001
964,lancaster,True,True,3,10,0.95,30,0.0001
965,lancaster,True,True,3,10,0.95,30,0.01
966,lancaster,True,True,3,10,0.99,20,0.001
967,lancaster,True,True,3,10,0.99,20,0.0001
968,lancaster,True,True,3,10,0.99,20,0.01
969,lancaster,True,True,3,10,0.99,30,0.001
970,lancaster,True,True,3,10,0.99,30,0.0001
971,lancaster,True,True,3,10,0.99,30,0.01
972,lancaster,True,False,2,3,0.9,20,0.001
973,lancaster,True,False,2,3,0.9,20,0.0001
974,lancaster,True,False,2,3,0.9,20,0.01
975,lancaster,True,False,2,3,0.9,30,0.001
976,lancaster,True,False,2,3,0.9,30,0.0001
977,lancaster,True,False,2,3,0.9,30,0.01
978,lancaster,True,False,2,3,0.95,20,0.001
979,lancaster,True,False,2,3,0.95,20,0.0001
980,lancaster,True,False,2,3,0.95,20,0.01
981,lancaster,True,False,2,3,0.95,30,0.001
982,lancaster,True,False,2,3,0.95,30,0.0001
983,lancaster,True,False,2,3,0.95,30,0.01
984,lancaster,True,False,2,3,0.99,20,0.001
985,lancaster,True,False,2,3,0.99,20,0.0001
986,lancaster,True,False,2,3,0.99,20,0.01
987,lancaster,True,False,2,3,0.99,30,0.001
988,lancaster,True,False,2,3,0.99,30,0.0001
989,lancaster,True,False,2,3,0.99,30,0.01
990,lancaster,True,False,2,5,0.9,20,0.001
991,lancaster,True,False,2,5,0.9,20,0.0001
992,lancaster,True,False,2,5,0.9,20,0.01
993,lancaster,True,False,2,5,0.9,30,0.001
994,lancaster,True,False,2,5,0.9,30,0.0001
995,lancaster,True,False,2,5,0.9,30,0.01
996,lancaster,True,False,2,5,0.95,20,0.001
997,lancaster,True,False,2,5,0.95,20,0.0001
998,lancaster,True,False,2,5,0.95,20,0.01
999,lancaster,True,False,2,5,0.95,30,0.001
1000,lancaster,True,False,2,5,0.95,30,0.0001
1001,lancaster,True,False,2,5,0.95,30,0.01
1002,lancaster,True,False,2,5,0.99,20,0.001
1003,lancaster,True,False,2,5,0.99,20,0.0001
1004,lancaster,True,False,2,5,0.99,20,0.01
1005,lancaster,True,False,2,5,0.99,30,0.001
1006,lancaster,True,False,2,5,0.99,30,0.0001
1007,lancaster,True,False,2,5,0.99,30,0.01
1008,lancaster,True,False,2,10,0.9,20,0.001
1009,lancaster,True,False,2,10,0.9,20,0.0001
1010,lancaster,True,False,2,10,0.9,20,0.01
1011,lancaster,True,False,2,10,0.9,30,0.001
1012,lancaster,True,False,2,10,0.9,30,0.0001
1013,lancaster,True,False,2,10,0.9,30,0.01
1014,lancaster,True,False,2,10,0.95,20,0.001
1015,lancaster,True,False,2,10,0.95,20,0.0001
1016,lancaster,True,False,2,10,0.95,20,0.01
1017,lancaster,True,False,2,10,0.95,30,0.001
1018,lancaster,True,False,2,10,0.95,30,0.0001
1019,lancaster,True,False,2,10,0.95,30,0.01
1020,lancaster,True,False,2,10,0.99,20,0.001
1021,lancaster,True,False,2,10,0.99,20,0.0001
1022,lancaster,True,False,2,10,0.99,20,0.01
1023,lancaster,True,False,2,10,0.99,30,0.001
1024,lancaster,True,False,2,10,0.99,30,0.0001
1025,lancaster,True,False,2,10,0.99,30,0.01
1026,lancaster,True,False,3,3,0.9,20,0.001
1027,lancaster,True,False,3,3,0.9,20,0.0001
1028,lancaster,True,False,3,3,0.9,20,0.01
1029,lancaster,True,False,3,3,0.9,30,0.001
1030,lancaster,True,False,3,3,0.9,30,0.0001
1031,lancaster,True,False,3,3,0.9,30,0.01
1032,lancaster,True,False,3,3,0.95,20,0.001
1033,lancaster,True,False,3,3,0.95,20,0.0001
1034,lancaster,True,False,3,3,0.95,20,0.01
1035,lancaster,True,False,3,3,0.95,30,0.001
1036,lancaster,True,False,3,3,0.95,30,0.0001
1037,lancaster,True,False,3,3,0.95,30,0.01
1038,lancaster,True,False,3,3,0.99,20,0.001
1039,lancaster,True,False,3,3,0.99,20,0.0001
1040,lancaster,True,False,3,3,0.99,20,0.01
1041,lancaster,True,False,3,3,0.99,30,0.001
1042,lancaster,True,False,3,3,0.99,30,0.0001
1043,lancaster,True,False,3,3,0.99,30,0.01
1044,lancaster,True,False,3,5,0.9,20,0.001
1045,lancaster,True,False,3,5,0.9,20,0.0001
1046,lancaster,True,False,3,5,0.9,20,0.01
1047,lancaster,True,False,3,5,0.9,30,0.001
1048,lancaster,True,False,3,5,0.9,30,0.0001
1049,lancaster,True,False,3,5,0.9,30,0.01
1050,lancaster,True,False,3,5,0.95,20,0.001
1051,lancaster,True,False,3,5,0.95,20,0.0001
1052,lancaster,True,False,3,5,0.95,20,0.01
1053,lancaster,True,False,3,5,0.95,30,0.001
1054,lancaster,True,False,3,5,0.95,30,0.0001
1055,lancaster,True,False,3,5,0.95,30,0.01
1056,lancaster,True,False,3,5,0.99,20,0.001
1057,lancaster,True,False,3,5,0.99,20,0.0001
1058,lancaster,True,False,3,5,0.99,20,0.01
1059,lancaster,True,False,3,5,0.99,30,0.001
1060,lancaster,True,False,3,5,0.99,30,0.0001
1061,lancaster,True,False,3,5,0.99,30,0.01
1062,lancaster,True,False,3,10,0.9,20,0.001
1063,lancaster,True,False,3,10,0.9,20,0.0001
1064,lancaster,True,False,3,10,0.9,20,0.01
1065,lancaster,True,False,3,10,0.9,30,0.001
1066,lancaster,True,False,3,10,0.9,30,0.0001
1067,lancaster,True,False,3,10,0.9,30,0.01
1068,lancaster,True,False,3,10,0.95,20,0.001
1069,lancaster,True,False,3,10,0.95,20,0.0001
1070,lancaster,True,False,3,10,0.95,20,0.01
1071,lancaster,True,False,3,10,0.95,30,0.001
1072,lancaster,True,False,3,10,0.95,30,0.0001
1073,lancaster,True,False,3,10,0.95,30,0.01
1074,lancaster,True,False,3,10,0.99,20,0.001
1075,lancaster,True,False,3,10,0.99,20,0.0001
1076,lancaster,True,False,3,10,0.99,20,0.01
1077,lancaster,True,False,3,10,0.99,30,0.001
1078,lancaster,True,False,3,10,0.99,30,0.0001
1079,lancaster,True,False,3,10,0.99,30,0.01
1080,lancaster,False,True,2,3,0.9,20,0.001
1081,lancaster,False,True,2,3,0.9,20,0.0001
1082,lancaster,False,True,2,3,0.9,20,0.01
1083,lancaster,False,True,2,3,0.9,30,0.001
1084,lancaster,False,True,2,3,0.9,30,0.0001
1085,lancaster,False,True,2,3,0.9,30,0.01
1086,lancaster,False,True,2,3,0.95,20,0.001
1087,lancaster,False,True,2,3,0.95,20,0.0001
1088,lancaster,False,True,2,3,0.95,20,0.01
1089,lancaster,False,True,2,3,0.95,30,0.001
1090,lancaster,False,True,2,3,0.95,30,0.0001
1091,lancaster,False,True,2,3,0.95,30,0.01
1092,lancaster,False,True,2,3,0.99,20,0.001
1093,lancaster,False,True,2,3,0.99,20,0.0001
1094,lancaster,False,True,2,3,0.99,20,0.01
1095,lancaster,False,True,2,3,0.99,30,0.001
1096,lancaster,False,True,2,3,0.99,30,0.0001
1097,lancaster,False,True,2,3,0.99,30,0.01
1098,lancaster,False,True,2,5,0.9,20,0.001
1099,lancaster,False,True,2,5,0.9,20,0.0001
1100,lancaster,False,True,2,5,0.9,20,0.01
1101,lancaster,False,True,2,5,0.9,30,0.001
1102,lancaster,False,True,2,5,0.9,30,0.0001
1103,lancaster,False,True,2,5,0.9,30,0.01
1104,lancaster,False,True,2,5,0.95,20,0.001
1105,lancaster,False,True,2,5,0.95,20,0.0001
1106,lancaster,False,True,2,5,0.95,20,0.01
1107,lancaster,False,True,2,5,0.95,30,0.001
1108,lancaster,False,True,2,5,0.95,30,0.0001
1109,lancaster,False,True,2,5,0.95,30,0.01
1110,lancaster,False,True,2,5,0.99,20,0.001
1111,lancaster,False,True,2,5,0.99,20,0.0001
1112,lancaster,False,True,2,5,0.99,20,0.01
1113,lancaster,False,True,2,5,0.99,30,0.001
1114,lancaster,False,True,2,5,0.99,30,0.0001
1115,lancaster,False,True,2,5,0.99,30,0.01
1116,lancaster,False,True,2,10,0.9,20,0.001
1117,lancaster,False,True,2,10,0.9,20,0.0001
1118,lancaster,False,True,2,10,0.9,20,0.01
1119,lancaster,False,True,2,10,0.9,30,0.001
1120,lancaster,False,True,2,10,0.9,30,0.0001
1121,lancaster,False,True,2,10,0.9,30,0.01
1122,lancaster,False,True,2,10,0.95,20,0.001
1123,lancaster,False,True,2,10,0.95,20,0.0001
1124,lancaster,False,True,2,10,0.95,20,0.01
1125,lancaster,False,True,2,10,0.95,30,0.001
1126,lancaster,False,True,2,10,0.95,30,0.0001
1127,lancaster,False,True,2,10,0.95,30,0.01
1128,lancaster,False,True,2,10,0.99,20,0.001
1129,lancaster,False,True,2,10,0.99,20,0.0001
1130,lancaster,False,True,2,10,0.99,20,0.01
1131,lancaster,False,True,2,10,0.99,30,0.001
1132,lancaster,False,True,2,10,0.99,30,0.0001
1133,lancaster,False,True,2,10,0.99,30,0.01
1134,lancaster,False,True,3,3,0.9,20,0.001
1135,lancaster,False,True,3,3,0.9,20,0.0001
1136,lancaster,False,True,3,3,0.9,20,0.01
1137,lancaster,False,True,3,3,0.9,30,0.001
1138,lancaster,False,True,3,3,0.9,30,0.0001
1139,lancaster,False,True,3,3,0.9,30,0.01
1140,lancaster,False,True,3,3,0.95,20,0.001
1141,lancaster,False,True,3,3,0.95,20,0.0001
1142,lancaster,False,True,3,3,0.95,20,0.01
1143,lancaster,False,True,3,3,0.95,30,0.001
1144,lancaster,False,True,3,3,0.95,30,0.0001
1145,lancaster,False,True,3,3,0.95,30,0.01
1146,lancaster,False,True,3,3,0.99,20,0.001
1147,lancaster,False,True,3,3,0.99,20,0.0001
1148,lancaster,False,True,3,3,0.99,20,0.01
1149,lancaster,False,True,3,3,0.99,30,0.001
1150,lancaster,False,True,3,3,0.99,30,0.0001
1151,lancaster,False,True,3,3,0.99,30,0.01
1152,lancaster,False,True,3,5,0.9,20,0.001
1153,lancaster,False,True,3,5,0.9,20,0.0001
1154,lancaster,False,True,3,5,0.9,20,0.01
1155,lancaster,False,True,3,5,0.9,30,0.001
1156,lancaster,False,True,3,5,0.9,30,0.0001
1157,lancaster,False,True,3,5,0.9,30,0.01
1158,lancaster,False,True,3,5,0.95,20,0.001
1159,lancaster,False,True,3,5,0.95,20,0.0001
1160,lancaster,False,True,3,5,0.95,20,0.01
1161,lancaster,False,True,3,5,0.95,30,0.001
1162,lancaster,False,True,3,5,0.95,30,0.0001
1163,lancaster,False,True,3,5,0.95,30,0.01
1164,lancaster,False,True,3,5,0.99,20,0.001
1165,lancaster,False,True,3,5,0.99,20,0.0001
1166,lancaster,False,True,3,5,0.99,20,0.01
1167,lancaster,False,True,3,5,0.99,30,0.001
1168,lancaster,False,True,3,5,0.99,30,0.0001
1169,lancaster,False,True,3,5,0.99,30,0.01
1170,lancaster,False,True,3,10,0.9,20,0.001
1171,lancaster,False,True,3,10,0.9,20,0.0001
1172,lancaster,False,True,3,10,0.9,20,0.01
1173,lancaster,False,True,3,10,0.9,30,0.001
1174,lancaster,False,True,3,10,0.9,30,0.0001
1175,lancaster,False,True,3,10,0.9,30,0.01
1176,lancaster,False,True,3,10,0.95,20,0.001
1177,lancaster,False,True,3,10,0.95,20,0.0001
1178,lancaster,False,True,3,10,0.95,20,0.01
1179,lancaster,False,True,3,10,0.95,30,0.001
1180,lancaster,False,True,3,10,0.95,30,0.0001
1181,lancaster,False,True,3,10,0.95,30,0.01
1182,lancaster,False,True,3,10,0.99,20,0.001
1183,lancaster,False,True,3,10,0.99,20,0.0001
1184,lancaster,False,True,3,10,0.99,20,0.01
1185,lancaster,False,True,3,10,0.99,30,0.001
1186,lancaster,False,True,3,10,0.99,30,0.0001
1187,lancaster,False,True,3,10,0.99,30,0.01
1188,lancaster,False,False,2,3,0.9,20,0.001
1189,lancaster,False,False,2,3,0.9,20,0.0001
1190,lancaster,False,False,2,3,0.9,20,0.01
1191,lancaster,False,False,2,3,0.9,30,0.001
1192,lancaster,False,False,2,3,0.9,30,0.0001
1193,lancaster,False,False,2,3,0.9,30,0.01
1194,lancaster,False,False,2,3,0.95,20,0.001
1195,lancaster,False,False,2,3,0.95,20,0.0001
1196,lancaster,False,False,2,3,0.95,20,0.01
1197,lancaster,False,False,2,3,0.95,30,0.001
1198,lancaster,False,False,2,3,0.95,30,0.0001
1199,lancaster,False,False,2,3,0.95,30,0.01
1200,lancaster,False,False,2,3,0.99,20,0.001
1201,lancaster,False,False,2,3,0.99,20,0.0001
1202,lancaster,False,False,2,3,0.99,20,0.01
1203,lancaster,False,False,2,3,0.99,30,0.001
1204,lancaster,False,False,2,3,0.99,30,0.0001
1205,lancaster,False,False,2,3,0.99,30,0.01
1206,lancaster,False,False,2,5,0.9,20,0.001
1207,lancaster,False,False,2,5,0.9,20,0.0001
1208,lancaster,False,False,2,5,0.9,20,0.01
1209,lancaster,False,False,2,5,0.9,30,0.001
1210,lancaster,False,False,2,5,0.9,30,0.0001
1211,lancaster,False,False,2,5,0.9,30,0.01
1212,lancaster,False,False,2,5,0.95,20,0.001
1213,lancaster,False,False,2,5,0.95,20,0.0001
1214,lancaster,False,False,2,5,0.95,20,0.01
1215,lancaster,False,False,2,5,0.95,30,0.001
1216,lancaster,False,False,2,5,0.95,30,0.0001
1217,lancaster,False,False,2,5,0.95,30,0.01
1218,lancaster,False,False,2,5,0.99,20,0.001
1219,lancaster,False,False,2,5,0.99,20,0.0001
1220,lancaster,False,False,2,5,0.99,20,0.01
1221,lancaster,False,False,2,5,0.99,30,0.001
1222,lancaster,False,False,2,5,0.99,30,0.0001
1223,lancaster,False,False,2,5,0.99,30,0.01
1224,lancaster,False,False,2,10,0.9,20,0.001
1225,lancaster,False,False,2,10,0.9,20,0.0001
1226,lancaster,False,False,2,10,0.9,20,0.01
1227,lancaster,False,False,2,10,0.9,30,0.001
1228,lancaster,False,False,2,10,0.9,30,0.0001
1229,lancaster,False,False,2,10,0.9,30,0.01
1230,lancaster,False,False,2,10,0.95,20,0.001
1231,lancaster,False,False,2,10,0.95,20,0.0001
1232,lancaster,False,False,2,10,0.95,20,0.01
1233,lancaster,False,False,2,10,0.95,30,0.001
1234,lancaster,False,False,2,10,0.95,30,0.0001
1235,lancaster,False,False,2,10,0.95,30,0.01
1236,lancaster,False,False,2,10,0.99,20,0.001
1237,lancaster,False,False,2,10,0.99,20,0.0001
1238,lancaster,False,False,2,10,0.99,20,0.01
1239,lancaster,False,False,2,10,0.99,30,0.001
1240,lancaster,False,False,2,10,0.99,30,0.0001
1241,lancaster,False,False,2,10,0.99,30,0.01
1242,lancaster,False,False,3,3,0.9,20,0.001
1243,lancaster,False,False,3,3,0.9,20,0.0001
1244,lancaster,False,False,3,3,0.9,20,0.01
1245,lancaster,False,False,3,3,0.9,30,0.001
1246,lancaster,False,False,3,3,0.9,30,0.0001
1247,lancaster,False,False,3,3,0.9,30,0.01
1248,lancaster,False,False,3,3,0.95,20,0.001
1249,lancaster,False,False,3,3,0.95,20,0.0001
1250,lancaster,False,False,3,3,0.95,20,0.01
1251,lancaster,False,False,3,3,0.95,30,0.001
1252,lancaster,False,False,3,3,0.95,30,0.0001
1253,lancaster,False,False,3,3,0.95,30,0.01
1254,lancaster,False,False,3,3,0.99,20,0.001
1255,lancaster,False,False,3,3,0.99,20,0.0001
1256,lancaster,False,False,3,3,0.99,20,0.01
1257,lancaster,False,False,3,3,0.99,30,0.001
1258,lancaster,False,False,3,3,0.99,30,0.0001
1259,lancaster,False,False,3,3,0.99,30,0.01
1260,lancaster,False,False,3,5,0.9,20,0.001
1261,lancaster,False,False,3,5,0.9,20,0.0001
1262,lancaster,False,False,3,5,0.9,20,0.01
1263,lancaster,False,False,3,5,0.9,30,0.001
1264,lancaster,False,False,3,5,0.9,30,0.0001
1265,lancaster,False,False,3,5,0.9,30,0.01
1266,lancaster,False,False,3,5,0.95,20,0.001
1267,lancaster,False,False,3,5,0.95,20,0.0001
1268,lancaster,False,False,3,5,0.95,20,0.01
1269,lancaster,False,False,3,5,0.95,30,0.001
1270,lancaster,False,False,3,5,0.95,30,0.0001
1271,lancaster,False,False,3,5,0.95,30,0.01
1272,lancaster,False,False,3,5,0.99,20,0.001
1273,lancaster,False,False,3,5,0.99,20,0.0001
1274,lancaster,False,False,3,5,0.99,20,0.01
1275,lancaster,False,False,3,5,0.99,30,0.001
1276,lancaster,False,False,3,5,0.99,30,0.0001
1277,lancaster,False,False,3,5,0.99,30,0.01
1278,lancaster,False,False,3,10,0.9,20,0.001
1279,lancaster,False,False,3,10,0.9,20,0.0001
1280,lancaster,False,False,3,10,0.9,20,0.01
1281,lancaster,False,False,3,10,0.9,30,0.001
1282,lancaster,False,False,3,10,0.9,30,0.0001
1283,lancaster,False,False,3,10,0.9,30,0.01
1284,lancaster,False,False,3,10,0.95,20,0.001
1285,lancaster,False,False,3,10,0.95,20,0.0001
1286,lancaster,False,False,3,10,0.95,20,0.01
1287,lancaster,False,False,3,10,0.95,30,0.001
1288,lancaster,False,False,3,10,0.95,30,0.0001
1289,lancaster,False,False,3,10,0.95,30,0.01
1290,lancaster,False,False,3,10,0.99,20,0.001
1291,lancaster,False,False,3,10,0.99,20,0.0001
1292,lancaster,False,False,3,10,0.99,20,0.01
1293,lancaster,False,False,3,10,0.99,30,0.001
1294,lancaster,False,False,3,10,0.99,30,0.0001
1295,lancaster,False,False,3,10,0.99,30,0.01
